recall,above 70,effort,number of docs,number of relevant
0.4444444444444444,False,0.645917129541,5221,99
0.7532467532467533,True,0.809764309764,792,77
0.6521739130434783,False,0.726290097629,1912,46
0.5535714285714286,False,0.719310839914,2786,56
0.5,False,0.565666343982,2066,10
0.7222222222222222,True,0.75327510917,5496,54
0.7272727272727273,True,0.763085399449,242,11
0.6666666666666666,False,0.746255883611,10906,30
0.3333333333333333,False,0.862745098039,170,6
0.7079207920792079,True,0.791042030718,10873,202
0.0,False,0.333333333333,10318,3

0.5509865709891147,0.36363636363636365,0.701516870468