recall,above 70,effort,number of docs,number of relevant
0.4444444444444444,False,0.653450807636,5221,99
1.0,True,0.999158249158,792,77
0.6739130434782609,False,0.756624825662,1912,46
0.6071428571428571,False,0.74754726011,2786,56
0.9074074074074074,True,0.861717612809,5496,54
0.0,False,0.333333333333,170,6

0.6054846254121616,0.3333333333333333,0.725305348118