recall,above 70,effort,number of docs,number of relevant
0.43434343434343436,False,0.638638830365,5221,99
1.0,True,0.999158249158,792,77
0.6086956521739131,False,0.6970013947,1912,46
0.5357142857142857,False,0.692031586504,2786,56
0.48148148148148145,False,0.645075206211,5496,54
0.18181818181818182,False,0.484848484848,242,11
0.0,False,0.333333333333,170,6
0.0,False,0.333333333333,10873,202

0.405256629441412,0.125,0.602927552307